<modDesc descVersion="94">
	<author>Fetty42</author>
	<version>1.0.0.0</version>
	<title>
		<en>Auto Light On/Off</en>
	</title>
    <description>
		<de><![CDATA[Schaltet automatisch das Licht das aktuellen Fahrzeugs oder des Spielers an oder aus, abhängig davon, ob Nacht oder Tag ist. Funktioniert sowohl beim Einsteigen als auch während der Fahrt.
Wird die automatische Aktion manuell übersteuert, wird der Automatismus so lange deaktiviert, bis das Fahrzeug/Spieler gewechselt wird oder der Sonnenaufgang/Sonnenuntergang erreicht wird.

Für Fehlermeldungen oder Anregungen besucht bitte: https://github.com/Fetty42/FS25_AutoLightOnOff/issues oder https://forum.giants-software.com/viewtopic.php?t=208708]]></de>

		<en><![CDATA[Automatically switches the light of the current vehicle or player on or off, depending on whether it is night or day. Works both when entering the vehicle and while driving.
If the automatic action is manually overridden, the automatism is deactivated until the vehicle/player is changed or sunrise/sunset is reached.

For error messages or suggestions please visit: https://github.com/Fetty42/FS25_AutoLightOnOff/issues or https://forum.giants-software.com/viewtopic.php?t=208708]]></en>

		<fr><![CDATA[Allume ou éteint automatiquement les lumières du véhicule actuel ou du joueur, selon qu'il fait nuit ou jour. Fonctionne aussi bien en montant dans le véhicule que pendant le trajet.
Si l'action automatique est remplacée manuellement, l'automatisme est désactivé jusqu'à ce que le véhicule/joueur soit changé ou que le lever/coucher du soleil soit atteint.

Pour les messages d'erreur ou les suggestions, veuillez visiter : https://github.com/Fetty42/FS25_AutoLightOnOff/issues ou https://forum.giants-software.com/viewtopic.php?t=208708]]></fr>
    </description>
	<iconFilename>icon_AutoLightOnOff.dds</iconFilename>
	<multiplayer supported="true" />
	<extraSourceFiles>
		<sourceFile filename="AutoLightOnOff.lua" />
	</extraSourceFiles>    
</modDesc>